{
  "BLPARTS": {
    "BLHAT": {
      "zIndex": -1,
      "width": 144.769,
      "height": 53.565,
      "x": 93.059,
      "y": 17.763
    },
    "BLFACE": {
      "zIndex": -1,
      "width": 90.025,
      "height": 119.19,
      "x": 119.374,
      "y": 74.57
    },
    "BLCOAT": {
      "zIndex": -1,
      "width": 295.531,
      "height": 231.798,
      "x": 17.691000000000003,
      "y": 192.207
    },
    "BLHAND": {
      "zIndex": -1,
      "width": 294.385,
      "height": 39.872,
      "x": 16.617999999999995,
      "y": 423.819
    },
    "BLINNER": {
      "zIndex": -1,
      "width": 126.169,
      "height": 243.639,
      "x": 101.917,
      "y": 187.296
    },
    "BLPANTS": {
      "zIndex": -1,
      "width": 164.083,
      "height": 178.079,
      "x": 82.612,
      "y": 410.713
    },
    "BLSHOES": {
      "zIndex": -1,
      "width": 239.509,
      "height": 44.117,
      "x": 46.68100000000001,
      "y": 596.139
    }
  },
  "ELPARTS": {
    "HAT1": {
      "zIndex": 5,
      "width": 144.796,
      "height": 53.565,
      "x": 93.059,
      "y": 17.762999999999998
    },
    "HAT2": {
      "zIndex": 5,
      "width": 125.623,
      "height": 43.644,
      "x": 102.643,
      "y": 22.732999999999997
    },
    "FACE1": {
      "zIndex": 5,
      "width": 90.025,
      "height": 119.19,
      "x": 119.374,
      "y": 74.57
    },
    "FACE2": {
      "zIndex": 5,
      "width": 67.836,
      "height": 109.536,
      "x": 130.331,
      "y": 78.42
    },
    "INNER1": {
      "zIndex": 6,
      "width": 123.095,
      "height": 224.089,
      "x": 105.72300000000001,
      "y": 190.245
    },
    "INNER2": {
      "zIndex": 5,
      "width": 125.794,
      "height": 220.319,
      "x": 101.917,
      "y": 198.034
    },
    "L_COAT1": {
      "zIndex": 10,
      "width": 56.729,
      "height": 231.426,
      "x": 196.825,
      "y": 192.207
    },
    "L_COAT2": {
      "zIndex": 10,
      "width": 44.446,
      "height": 220.834,
      "x": 202.12099999999998,
      "y": 197.875
    },
    "R_COAT1": {
      "zIndex": 10,
      "width": 56.729,
      "height": 231.426,
      "x": 77.35900000000001,
      "y": 192.579
    },
    "R_COAT2": {
      "zIndex": 10,
      "width": 44.446,
      "height": 220.834,
      "x": 84.346,
      "y": 198.247
    },
    "L_ARM1": {
      "zIndex": 10,
      "width": 64.301,
      "height": 207.701,
      "x": 248.92000000000002,
      "y": 215.93200000000002
    },
    "L_ARM2": {
      "zIndex": 10,
      "width": 54.241,
      "height": 194.691,
      "x": 253.70999999999998,
      "y": 223.361
    },
    "R_ARM1": {
      "zIndex": 10,
      "width": 64.301,
      "height": 207.701,
      "x": 17.691000000000003,
      "y": 216.30399999999997
    },
    "R_ARM2": {
      "zIndex": 10,
      "width": 54.241,
      "height": 194.619,
      "x": 22.962000000000003,
      "y": 223.73399999999998
    },
    "L_HAND": {
      "zIndex": 10,
      "width": 37.956,
      "height": 39.872,
      "x": 273.048,
      "y": 423.819
    },
    "R_HAND": {
      "zIndex": 10,
      "width": 37.956,
      "height": 39.872,
      "x": 16.617999999999995,
      "y": 423.819
    },
    "L_PANTS1": {
      "zIndex": 5,
      "width": 82.031,
      "height": 178.079,
      "x": 164.316,
      "y": 410.713
    },
    "L_PANTS2": {
      "zIndex": 5,
      "width": 77.526,
      "height": 168.138,
      "x": 164.306,
      "y": 415.683
    },
    "R_PANTS1": {
      "zIndex": 5,
      "width": 82.052,
      "height": 178.079,
      "x": 82.42500000000001,
      "y": 410.713
    },
    "R_PANTS2": {
      "zIndex": 5,
      "width": 77.536,
      "height": 168.138,
      "x": 86.941,
      "y": 415.683
    },
    "L_SHOES1": {
      "zIndex": 10,
      "width": 78.989,
      "height": 44.117,
      "x": 207.20100000000002,
      "y": 596.139
    },
    "R_SHOES1": {
      "zIndex": 10,
      "width": 78.989,
      "height": 44.117,
      "x": 46.68100000000001,
      "y": 596.139
    }
  },
  "LEDPARTS": {
    "LED_CHEST": {
      "zIndex": 3,
      "width": 92.682,
      "height": 217.681,
      "x": 117.965,
      "y": 198.832
    },
    "LED_R_SHOE": {
      "zIndex": 10,
      "width": 92.609,
      "height": 7.967,
      "x": 39.879000000000005,
      "y": 644.524
    },
    "LED_L_SHOE": {
      "zIndex": 10,
      "width": 92.609,
      "height": 7.967,
      "x": 200.043,
      "y": 644.524
    },
    "LED_FAN": {
      "zIndex": 10,
      "width": 88.548,
      "height": 72.531,
      "x": -19.43,
      "y": 476.08500000000004
    }
  }
}
